{
  "util_libs.git": 9.114697933197021, 
  "nanopb": 3.0012950897216797, 
  "riscv-pk": 2.623929023742676, 
  "sel4_projects_libs": 2.6271920204162598, 
  "seL4_tools.git": 2.793037176132202, 
  "sel4test.git": 2.6556079387664795, 
  "musllibc.git": 3.1647558212280273, 
  "sel4runtime.git": 2.246379852294922, 
  "seL4_libs.git": 3.7011678218841553, 
  "seL4.git": 5.410522222518921
}